<?xml version="1.0" encoding="UTF-8"?>
<project-private xmlns="http://www.netbeans.org/ns/project-private/1">
    <editor-bookmarks xmlns="http://www.netbeans.org/ns/editor-bookmarks/2" lastBookmarkId="0"/>
    <open-files xmlns="http://www.netbeans.org/ns/projectui-open-files/2">
        <group>
            <file>file:/C:/wamp64/www/projectsolution2/includes/common.php</file>
            <file>file:/C:/wamp64/www/projectsolution2/includes/header.php</file>
            <file>file:/C:/wamp64/www/projectsolution2/signup.php</file>
            <file>file:/C:/wamp64/www/projectsolution2/logout_script.php</file>
            <file>file:/C:/wamp64/www/projectsolution2/cart.php</file>
            <file>file:/C:/wamp64/www/projectsolution2/signup_script.php</file>
            <file>file:/C:/wamp64/www/projectsolution2/index.php</file>
            <file>file:/C:/wamp64/www/projectsolution2/login.php</file>
            <file>file:/C:/wamp64/www/projectsolution2/login_script.php</file>
            <file>file:/C:/wamp64/www/projectsolution2/login_submit.php</file>
            <file>file:/C:/wamp64/www/projectsolution2/products.php</file>
        </group>
    </open-files>
</project-private>
